gender,name.title,name.first,name.last,location.street.number,location.street.name,location.city,location.state,location.country,location.postcode,location.coordinates.latitude,location.coordinates.longitude,location.timezone.offset,location.timezone.description,email,login.uuid,login.username,login.password,login.salt,login.md5,login.sha1,login.sha256,dob.date,dob.age,registered.date,registered.age,phone,cell,id.name,id.value,picture.large,picture.medium,picture.thumbnail,nat
male,Mr,Emanuel,Braak,2638,De Brinio,Zwammerdam,Gelderland,Netherlands,63189,38.2258,-112.1763,+5:30,"Bombay, Calcutta, Madras, New Delhi",emanuel.braak@example.com,31b45f49-69b3-4edc-8b35-a1969a898096,browngoose717,pixies,yLTn51VX,1295661fd0b6328d7a018585666fc3d4,13626afbdc22d783970b49329d59d130f931323d,437a4cf68ff65bb05e900e825818840223d5a9e648a8b0e27667261a60bd8ebd,1950-06-13T02:52:30.118Z,72,2013-08-03T16:47:45.551Z,8,(565)-650-5441,(505)-893-4265,BSN,98255467,https://randomuser.me/api/portraits/men/43.jpg,https://randomuser.me/api/portraits/med/men/43.jpg,https://randomuser.me/api/portraits/thumb/men/43.jpg,NL
female,Miss,Noémie,Campbell,1752,20th Ave,Keswick,New Brunswick,Canada,S6B 9F6,-3.0448,-140.6203,-2:00,Mid-Atlantic,noemie.campbell@example.com,908ef664-a9ee-4499-a9b2-dd225207303f,organicbutterfly273,paula,l08QfNMt,f7a53ad600325b0ea7f204b3fa7123f7,3cd4ae2545f8bada8bf6d6244e5b84efa7799eb9,a2458991cda07713b4a8ac3922260b249dd55d3e050dae0de95c3f340603e284,1948-02-11T19:00:47.700Z,74,2006-05-13T01:35:49.923Z,16,T40 F79-9196,J77 D46-2327,SIN,397535279,https://randomuser.me/api/portraits/women/94.jpg,https://randomuser.me/api/portraits/med/women/94.jpg,https://randomuser.me/api/portraits/thumb/women/94.jpg,CA
female,Miss,Zvenislava,Gordiienko,4488,Harkivska,Mena,Avtonomna Respublika Krim,Ukraine,87751,83.6614,64.1093,-2:00,Mid-Atlantic,zvenislava.gordiienko@example.com,1a94a913-03fb-4703-bef2-fa5bc27a364c,happyduck489,chuckles,47l5T8AM,fa6b2a3d204af90ec6856ecc66437ccd,b8efbc584a9e27a66d12f9666570c9553bb92f7c,b0d1c1c2e12b2398e4f4739452d6311f62843da5416cea9ab97c8e4ffe2bfc33,1957-04-06T10:52:29.567Z,65,2005-11-19T06:45:21.749Z,16,(067) I62-0103,(066) I65-7820,,null,https://randomuser.me/api/portraits/women/0.jpg,https://randomuser.me/api/portraits/med/women/0.jpg,https://randomuser.me/api/portraits/thumb/women/0.jpg,UA
female,Mrs,Paola,Palomo,5632,Viaducto Cuba,San Pablo Oztotepec,Zacatecas,Mexico,97420,-87.5873,170.0310,+4:30,Kabul,paola.palomo@example.com,05f73545-6c1f-40ee-9ec5-242402178e95,lazykoala581,philippe,Tw41a69E,26b386d440e1956d668e35ddf57d987d,ee96e58385837b5d085d7ad055f5b989c2f1f567,a6154c0d46e038eb6840b6c1793f61c88ded1b4bb24f34af655fbfc2fcc4f494,1971-04-04T03:16:26.993Z,51,2002-10-12T13:16:03.394Z,19,(637) 049 8461,(660) 864 4016,NSS,21 56 88 0248 8,https://randomuser.me/api/portraits/women/23.jpg,https://randomuser.me/api/portraits/med/women/23.jpg,https://randomuser.me/api/portraits/thumb/women/23.jpg,MX
male,Mr,Steve,Bennett,1790,Killarney Road,Balbriggan,Galway,Ireland,61124,17.6112,-5.6824,+4:00,"Abu Dhabi, Muscat, Baku, Tbilisi",steve.bennett@example.com,319d74eb-3904-4a27-9dcb-ae75fb1835ec,greenfrog990,buddha,yc6QoPkv,9a2b4c4119d6955e13b5a359d8493d59,e83e4206abc211193e485c9e76ec39008397e07b,7e21508c17461ebc223026d03a79ff9d87fcf6a479547e96c6dbe90de1f85419,1981-07-25T03:06:22.440Z,40,2020-07-20T09:28:47.496Z,1,041-787-6558,081-609-1148,PPS,4892473T,https://randomuser.me/api/portraits/men/8.jpg,https://randomuser.me/api/portraits/med/men/8.jpg,https://randomuser.me/api/portraits/thumb/men/8.jpg,IE
female,Mrs,Alexandra,Martinez,6569,Boulevard de Balmont,Courbevoie,Haute-Corse,France,99432,15.9643,-60.3851,+4:00,"Abu Dhabi, Muscat, Baku, Tbilisi",alexandra.martinez@example.com,83beba0f-3bed-4430-a7e8-0dee2ebf6936,orangewolf935,miles,XxzwrYNT,287c882402df0c230d8303771399b1fd,53e1a6fbc6fbd034da4814f2d3ecfd58ec073e9d,e5de64b6db1b33217e85797b763779f638db7c94653f613e06be9ae786889238,2000-11-28T13:29:05.207Z,21,2020-01-31T17:13:20.461Z,2,02-92-08-50-94,06-58-31-11-34,INSEE,21001095706750 29,https://randomuser.me/api/portraits/women/31.jpg,https://randomuser.me/api/portraits/med/women/31.jpg,https://randomuser.me/api/portraits/thumb/women/31.jpg,FR
male,Monsieur,Antonio,Mathieu,7097,Rue Barrier,Unterägeri,Appenzell Ausserrhoden,Switzerland,2110,-55.0027,-24.1809,-12:00,"Eniwetok, Kwajalein",antonio.mathieu@example.com,32035941-1151-45a8-8d40-99ca9a9fbffb,goldenelephant789,carbon,ezFTSr5z,f3efae3298634aa11a70a1d15a7369a0,022f754e6af11fd760574abe08c573cad55fc4ae,ef76aa6941df464e84048d8a131a1ba878bddda69d5fa593d3190eba0a7f715e,1965-08-31T05:49:12.396Z,56,2009-06-16T18:51:22.165Z,13,075 446 43 84,076 427 49 98,AVS,756.2639.2695.66,https://randomuser.me/api/portraits/men/40.jpg,https://randomuser.me/api/portraits/med/men/40.jpg,https://randomuser.me/api/portraits/thumb/men/40.jpg,CH
female,Miss,María Teresa,Mota,892,Callejón Chiapas,La Excusa,Estado de Mexico,Mexico,90721,-23.5977,143.2562,+6:00,"Almaty, Dhaka, Colombo",mariateresa.mota@example.com,d0ef7b76-8703-44c0-bed7-a2a1db760393,orangezebra547,submit,Tx5SLeiV,73a8762f1c7896e83ea39bc84fd1c745,4c435b8d0c706df30f756813386d4dfefa7b1363,b4e9af2536cc2bfac88c2af99a29c870306e1cf58b19a2620ddac2364572baf9,1987-07-09T01:32:41.850Z,35,2018-07-21T21:35:34.176Z,3,(698) 000 8207,(632) 157 0681,NSS,76 37 93 9515 9,https://randomuser.me/api/portraits/women/19.jpg,https://randomuser.me/api/portraits/med/women/19.jpg,https://randomuser.me/api/portraits/thumb/women/19.jpg,MX
male,Mr,Cristóbal,Romero,3210,Avenida de Salamanca,Parla,Andalucía,Spain,36226,-63.1535,25.3138,+2:00,"Kaliningrad, South Africa",cristobal.romero@example.com,add046ee-70e0-4925-8496-0eb3a25255fa,whitedog310,done,TmwS6HKU,8e4e068ba93fe8c3bc9684f3c6f7524a,b462dbdce798a9b552e7a774fdff6e3e6c4dabfe,3080a20e3b82492365ca2e5600dbf258981d9d6a9951523c7a80ab3d106a27b8,1991-12-10T11:18:04.241Z,30,2004-12-19T07:47:53.905Z,17,979-869-444,615-223-360,DNI,56226913-B,https://randomuser.me/api/portraits/men/64.jpg,https://randomuser.me/api/portraits/med/men/64.jpg,https://randomuser.me/api/portraits/thumb/men/64.jpg,ES
female,Mrs,Florence,Kowalski,6482,Dundas Rd,Vanier,Ontario,Canada,R1C 8Q5,73.5716,-148.8262,+3:00,"Baghdad, Riyadh, Moscow, St. Petersburg",florence.kowalski@example.com,7cdba88d-90e2-427e-bef4-7c66a0a69a24,beautifulmouse985,starstar,4zm1KNEo,448be12410fb1e7cfdb2ad5779c24d7f,8ab4746dccb074a74450a36f87b35f1de3395778,e9ebd75e35d249c43194e0bfd34fb7fa5f36e5f0a965c4eb30ccca9211fba56b,1960-12-01T03:57:33.209Z,61,2009-05-27T15:46:43.705Z,13,Q56 W15-8249,D38 L43-1051,SIN,222553968,https://randomuser.me/api/portraits/women/5.jpg,https://randomuser.me/api/portraits/med/women/5.jpg,https://randomuser.me/api/portraits/thumb/women/5.jpg,CA